source_row_number,issue_codes,scoring_eligible,unique_id,name,organization_type,facilityTypeId,operatorTypeId,numberDoctors,capacity,yearEstablished
108,duplicate_unique_id,True,08344cdb-f455-4c22-8d31-a0a8e849124b,MOSC Medical College Hospital,facility,hospital,private,,1100,1970
109,duplicate_unique_id,False,08344cdb-f455-4c22-8d31-a0a8e849124b,MOSC Medical College Hospital,facility,hospital,private,,1100,1970
120,invalid_unique_id|invalid_organization_type,False,Dr. Gita Khanna has established Ajanta Hospital and IVF Centre a 100 plus bedded multispeciality hospital of International repute. The state of art IVF Centre of this hospital combines quality, and accountability in equal measures and is providing assisted reproduction techniques of International standards within the reach of every individual. Dr. Anil Khanna has also established Ajanta Hospital," Doctor couple's unblemished efforts help to gain a dauntless and successful outcome. they devoted 25 years of their life to the service of mankind accepting all challenges with the spirit to ever grow and ever learn the latest and International Scientific Medical technology and bring it to this part of the country.""","{""coordinates"":[80.99068450927734,26.885332107543945],""type"":""Point""}",26.885332107543945,,,"[""Ajanta Hospital & Ivf Centre Pvt Ltd is located in Lucknow, Uttar Pradesh."",""Has 100+ bedded multispeciality hospital"",""Dedicated IVF Center within the hospital"",""Offers IVF services with emphasis on counseling, privacy, and confidentiality"",""Described as a multispeciality hospital of international repute"",""Led by Dr. Kumudini Chauhan, a gynecologist specializing in IVF, infertility and laparoscopy"",""Offers IVF, IUI, ICSI, Surrogacy, and infertility treatments"",""Fertility success rate of 70%"",""IVF program"",""Obstetric services including Normal Vaginal Delivery and Cesarean operation"",""Gynecology and infertility specialist"",""24x7 emergency and trauma care"",""Cardiology and interventional cardiology program"",""IVF program"",""Maternity and Obstetrics care"",""Orthopaedic and joint replacement program"",""Nephrology and Dialysis Unit"",""NICU"",""Has 35+ doctors, 250+ trained staff and treated over 400000 patients"",""AJANTA HOSPITAL and IVF CENTRE is listed as a Niva Bupa Network Hospital in Lucknow, Uttar Pradesh"",""Private hospital in Lucknow, Uttar Pradesh"",""Ayushman Bharat PMJAY empanelled"",""Located in Lucknow, Uttar Pradesh"",""IVF program"",""IUI program"",""ICSI program"",""Surrogacy program"",""Infertility treatments"",""Fertility success rate of 70%"",""Has Dr. Archana Kanodia as IVF doctor"",""18 Google reviews with average rating of 4.5"",""IVF program"",""Fertility preservation program"",""Laparoscopic surgery capability"",""High-risk pregnancy care"",""Breast health services including diagnostic imaging and biopsies"",""NABH accreditation"",""Women’s health care services (gynecology) and IVF center"",""Bajaj Allianz cashless network hospital in Lucknow"",""IVF program"",""Surrogacy program"",""End-to-end surrogate mother matching and screening"",""Donor egg program with eggs through certified ART banks"",""Preimplantation Genetic Testing (PGD) and Preimplantation Genetic Screening (PGS) available"",""Embryo freezing and frozen embryo transfer (FET) for surrogacy"",""Laparoscopy, Hysteroscopy, and Endoscopy available"",""MESA and TESA procedures available"",""In-house fertility services and ancillary treatments under one roof"",""Government-approved centre registered under the Surrogacy Regulation Act, 2021"",""Complies with ART & Surrogacy Act 2021""]"
1188,duplicate_unique_id,True,9264b21d-4aea-460a-9c77-613407df8439,Trustwell Hospitals,facility,hospital,private,,250,2019
1189,duplicate_unique_id,False,9264b21d-4aea-460a-9c77-613407df8439,Trustwell Hospitals,facility,hospital,private,,250,2019
1248,duplicate_unique_id,True,b36f3f71-0b8a-4d7f-8b10-12eb7f5bcf60,Yadgire Super Specialty Hospital,facility,hospital,public,1,,
1249,duplicate_unique_id,False,b36f3f71-0b8a-4d7f-8b10-12eb7f5bcf60,Yadgire Super Specialty Hospital,facility,hospital,public,1,,
1788,invalid_unique_id|invalid_organization_type,False,Such a Centre is a very useful facility for the University’s employees as it provides supervision and care for infants and young children during the daytime,,,,,,,
1789,invalid_unique_id|invalid_organization_type,False,| **Dr. Anvita Verma**   ,,,,,,,
1790,invalid_unique_id|invalid_organization_type,False,Assistant Professor (Social Work)  ,,,,,,,
1791,invalid_unique_id|invalid_organization_type,False,Mobile: +91-9451520000  ,,,,,,,
1792,invalid_unique_id|invalid_organization_type,False,Email: verma_anvita@lkouniv.ac.in  ,,,,,,,
1793,invalid_unique_id|invalid_organization_type,False,---|---  ,,,,,,,
1794,invalid_unique_id|invalid_organization_type,False,| **Dr. Aditya Abha Singh**   ,,,,,,,
1795,invalid_unique_id|invalid_organization_type,False,Assistant Professor (Botany)  ,,,,,,,
1796,invalid_unique_id|invalid_organization_type,False,Mobile: +91-9838602509  ,,,,,,,
1797,invalid_unique_id|invalid_organization_type,False,Email: singh_aa@lkouniv.ac.in  ,,,,,,,
1798,invalid_unique_id|invalid_organization_type,False,| **Dr. Niharika**   ,,,,,,,
1799,invalid_unique_id|invalid_organization_type,False,Assistant Professor (Law)  ,,,,,,,
1800,invalid_unique_id|invalid_organization_type,False,Mobile: +91-8299172969  ,,,,,,,
1801,invalid_unique_id|invalid_organization_type,False,"Email: niharika@lkouniv.ac.in""","[""maternalAndChildHealth"",""pediatrics"",""familyMedicine"",""pediatrics"",""neonatologyPerinatalMedicine"",""pediatrics"",""familyMedicine"",""internalMedicine"",""maternalAndChildHealth"",""familyMedicine"",""gynecologyAndObstetrics"",""pediatrics"",""familyMedicine"",""pediatrics"",""familyMedicine"",""maternalAndChildHealth"",""maternalAndChildHealth"",""pediatrics"",""infectiousDiseases"",""pediatrics"",""pediatricCriticalCareMedicine"",""neonatologyPerinatalMedicine"",""maternalAndChildHealth"",""maternalAndChildHealth"",""internalMedicine"",""maternalAndChildHealth"",""internalMedicine"",""maternalAndChildHealth"",""internalMedicine"",""gynecologyAndObstetrics"",""pediatrics"",""neonatologyPerinatalMedicine"",""pediatricCriticalCareMedicine"",""familyMedicine"",""cardiology"",""familyMedicine"",""internalMedicine"",""maternalAndChildHealth"",""dentistry"",""physicalMedicineAndRehabilitation"",""internalMedicine"",""pediatrics"",""familyMedicine"",""maternalAndChildHealth"",""internalMedicine"",""physicalMedicineAndRehabilitation"",""developmental–behavioralPediatrics"",""familyMedicine"",""pediatrics"",""infectiousDiseases""]","[""The Child Care Centre page lists staff names: Dr. Anvita Verma, Dr. Aditya Abha Singh, and Dr. Niharika."",""Treats viral fever"",""Vaccination administration"",""Treatment of viral fever"",""Treatment of chickenpox"","""",""New Born Care"",""Viral Fever Treatment"",""Health Checkup (Pediatric)"",""Vaccination"",""Physiotherapy treatment for PIVD (Prolapsed Intervertebral Disc).""]",,,,,
1914,duplicate_unique_id,True,c8aa3363-35eb-4c70-ae7a-0a86307f49c2,Durgapur Sub Divisional Hospital,facility,hospital,public,,150,
1915,duplicate_unique_id,False,c8aa3363-35eb-4c70-ae7a-0a86307f49c2,Durgapur Sub Divisional Hospital,facility,hospital,public,,150,
1918,duplicate_unique_id,True,c9518151-2032-4f53-823b-d42acd0aad95,HCG Multi Specialty Hospital,facility,hospital,private,13,120,
1919,duplicate_unique_id,False,c9518151-2032-4f53-823b-d42acd0aad95,HCG Multi Specialty Hospital,facility,hospital,private,13,120,
2060,duplicate_unique_id,True,fced074a-ce12-47a8-b52e-e40d876fc122,PPK Hospital,facility,hospital,public,,,1990
2061,duplicate_unique_id,False,fced074a-ce12-47a8-b52e-e40d876fc122,PPK Hospital,facility,hospital,public,,,1990
2143,invalid_unique_id|invalid_organization_type,False,Dr. Bharathi is an Obstetrician and Gynaecologist, located in Mandaiveli, Chennai.  ,,,,,
2144,invalid_unique_id|invalid_organization_type,False,She completed her MBBS from Sri Ramachandra University, Chennai. She did her Post-Doctoral fellowship in Reproductive Medicine from Madras Medical Mission, MGR University,,,,,
2145,invalid_unique_id|invalid_organization_type,False,She has 9+ years of experience in Obstetrics and Gynaecology,,,,,,,
2146,invalid_unique_id|invalid_organization_type,False,"For Instant Booking please call +91 7303555015""","[""gynecologyAndObstetrics"",""reproductiveEndocrinologyAndInfertility"",""familyMedicine"",""reproductiveEndocrinologyAndInfertility"",""gynecologyAndObstetrics"",""familyPlanningAndComplexContraception"",""familyMedicine"",""familyMedicine"",""gynecologyAndObstetrics"",""reproductiveEndocrinologyAndInfertility"",""familyMedicine"",""gynecologyAndObstetrics"",""reproductiveEndocrinologyAndInfertility"",""familyMedicine"",""gynecologyAndObstetrics"",""reproductiveEndocrinologyAndInfertility"",""generalSurgery"",""familyMedicine"",""reproductiveEndocrinologyAndInfertility"",""gynecologyAndObstetrics"",""familyMedicine"",""reproductiveEndocrinologyAndInfertility"",""familyMedicine""]","[""Performs In Vitro Fertilization (IVF) including Intracytoplasmic Sperm Injection (ICSI)"",""Offers Intrauterine Insemination (IUI)"",""Performs Laparoscopy"",""Performs Hysteroscopy"",""Performs Surgical Sperm Retrieval"",""Offers Frozen Embryo Transfer (FET)"",""Provides surrogacy services including surrogacy with self eggs and donor eggs"",""Provides IVF treatment"",""Performs ultrasound imaging"",""Performs laparoscopy"",""Performs hysteroscopy"",""Offers direct and online IVF consultations"",""Performs IVF treatment for infertility""]",,,,,1
2435,invalid_unique_id|invalid_organization_type,False,> [**Pathankot**]  ,,,,,,,
2436,invalid_unique_id|invalid_organization_type,False,> One of the greatest ways to feel that this health centre cares about its individuals would be to remove all be concerned about coming, must be in individual regions of the hospital or, no less than,kie,"{""coordinates"":[75.5718994140625,31.32871437072754],""type"":""Point""}","[""https://www.hospitalby.com/india-hospital/pathankot/"",""http://www.cashlesshospitalindia.com/cashless-hospital-india/punjab.html"",""https://www.medindia.net/directories/doctors/dr-oberoi-harinder-kaur-obstetrics-and-gynaecologist-jalandhar-punjab-77594.htm"",""http://www.onefivenine.com/india/city/Pathankot"",""https://www.facebook.com/p/Oberoi-Hospital-100083030177388/"",""https://imajal.in/IMA-Jalandhar/Hospitals"",""https://jalandhar.nic.in/public-utility-category/hospitals/page/12/"",""https://www.justdial.com/Jalandhar/Dr-Harinder-Kaur-Oberoi-Gujral-Nagar/0181PX181-X181-140721170118-Z9R9_BZDET"",""http://www.healthinsuranceindia.org/cashless_hospital_india/punjab.html"",""https://gynecologistnearme.in/city/jalandhar/dr-harinder-kaur-oberoi/"",""https://jalandhar.nic.in/public-utility/oberoi-hospital/"",""https://www.justdial.com/Jalandhar/Oberoi-Hospital-Near-Tv-Centre-Opposite-Maan-Scaning-Gujral-Nagar-Market/0181PX181-X181-000045040630-O6W2_BZDET"",null]",,[]
2457,invalid_unique_id|invalid_organization_type,False,"Our main aim is to provide a treatment-oriented complete diagnosis with more accurate highly dedicated and experienced radiologists and skilled staff members.""","[""radiology"",""radiology"",""cardiothoracicRadiology"",""emergencyMedicine"",""familyMedicine"",""radiology"",""familyMedicine"",""radiology"",""familyMedicine"",""radiology""]","[""MDCT Scan service"",""Digital X-Ray service"",""X-Ray procedure"",""Mammography service"",""Sonography including Elastography with Colour Doppler"",""3D/4D Sonography"",""Echocardiography (EchoCardiography)"",""MRI service"",""Portable X-Ray service"","""",""Offers sonography as part of radiology services"",""Offers 4D sonography"",""Provides portable X-ray services"",""Offers MD CT Scan"",""Provides echocardiography"",""Offers colour Doppler imaging"",""Provides digital X-ray services""]",,,,,
2680,invalid_unique_id|invalid_organization_type,False,Sri Sai Lions Netralaya started as a 10 bed Eye Hospital. Thanks to God and the tireless work of management and its specialized medical team, this multi-facility Eye Hospital counted with 70 beds as well as with many specialized services and advanced diagnostic equipments. It has survived and expanded due to the active support of numerous of well wishers, who extended their hand in every moment. We are very grateful with all the support received and hope to count with their generosity again in the future. ,,,,,
2681,invalid_unique_id|invalid_organization_type,False,  Currently,,,85.15049743652344,00e60e06-25ed-43b3-a5fd-e39a0104729f,,,1
2778,invalid_unique_id|invalid_organization_type,False,It activities of the centre focus on the areas of early intervention," the capital of Chhattisgarh.""",,21.083206176757812,81.65721130371094,,,
2810,invalid_unique_id|invalid_organization_type,False,venkateswara diagnostic is doing more for health today than ever done before. We invest constantly in the most cutting-edge technology to provide the very best scan results for our patients,,"[""radiology"",""cardiology"",""pulmonology"",""otolaryngology"",""dentistry"",""breastImaging"",""epilepsyNeurology"",""familyMedicine"",""pathology"",""familyMedicine"",""pathology"",""familyMedicine"",""pathology"",""familyMedicine"",""radiology"",""endocrinologyAndDiabetesAndMetabolism"",""preventiveMedicine"",""radiology"",""pathology"",""cardiology"",""pulmonology"",""familyMedicine"",""radiology"",""familyMedicine"",""otolaryngology"",""radiology"",""clinicalPathology"",""familyMedicine"",""pathology"",""radiology"",""internalMedicine""]","[""https://venkateswaradiagnosticcentre.com/"",""https://www.medindia.net/directories/labs/venkateswara-diagnostic-centre-chennai-tamil-nadu-40958-1.htm"",""https://www.mediyaar.com/chennai/labs/kcl-diagonstic-centre-tondiarpet.html"",""https://www.diagnosticcentres.in/diagnostic-centres/tamil-nadu/chennai/venkateswara-diagnostic-center-perumbakkam.html"",""https://www.facebook.com/112564788328363"",""https://www.diagnosticcentres.in/diagnostic-centres/tamil-nadu/chennai/venkateswara-diagnostic-centre.html"",""https://www.facebook.com/VenkateswaraDiagnosticCentre1/"",""https://www.facebook.com/110654166238127"",""https://www.facebook.com/682318155304977"",null,null]",,,,true
3103,duplicate_unique_id,True,1a0f7290-f227-49fe-9b92-a8c698a165d8,Malhotra Super Speciality Hospital,facility,hospital,private,,50,
3104,duplicate_unique_id,False,1a0f7290-f227-49fe-9b92-a8c698a165d8,Malhotra Super Speciality Hospital,facility,hospital,private,,50,
3514,invalid_unique_id|invalid_organization_type,False,Under the ageis of Choithram Group,,,75.75413513183594,08f3d9666086a7a90355f64c2d1f389b,,,4
3613,invalid_unique_id|invalid_organization_type,False,With an objective to enhance the experience of 25 glorious years of running Manorama Ultrascan in Ranaghat and Chakdaha,,,,,,,
3614,invalid_unique_id|invalid_organization_type,False,Manorama Hospital is an 494 bedded hospital housed in beautifully landscaped area of 1.18 acres of land. It has a 2 lakh square-feet closed area with Deluxe, 10 -bedded Neonatal Intensive Care Unit, 17 bedded Dialysis Unit and a Laboratory where a wide array of tests can be carried out round the clock along with cutting-edge Diagnostic Imaging Center and integrated Pharmacy Outlet. It also has a fully equipped Emergency Room where BLS and ACLS trained personnel are on duty 24 hrs a day. ,,,,,
3615,invalid_unique_id|invalid_organization_type,False,With expertise and excellence being the cornerstones of Manorama Hospital ,494,"[""reproductiveEndocrinologyAndInfertility"",""pediatricCardiology"",""pediatricSurgery"",""otolaryngology"",""gastroenterology"",""endocrinologyAndDiabetesAndMetabolism"",""allergyAndImmunology"",""anesthesia"",""neuropsychiatry"",""rheumatology"",""hematology"",""pediatrics"",""dentistry"",""oralAndMaxillofacialSurgery"",""urology"",""nephrology"",""cardiology"",""generalSurgery"",""internalMedicine"",""medicalOncology"",""surgicalOncology"",""dermatology"",""dietician"",""pulmonology"",""gynecology"",""reproductiveEndocrinologyAndInfertility"",""surgicalOncology"",""hepatopancreatobiliarySurgery"",""neurosurgery"",""orthopedicSurgery"",""generalSurgery"",""generalMedicine"",""chestMedicine"",""neuroMedicine"",""gynecologyAndObstetrics"",""nephrology"",""cardiology"",""urology"",""gastroenterology"",""endocrinology"",""paediatricSurgery"",""otolaryngology"",""oncology"",""dermatology"",""dentistry"",""oralAndMaxillofacialSurgery"",""allergyAndImmunology"",""anesthesia"",""neuropsychiatry"",""rheumatology""]","[""https://www.manoramahospitex.org/about/manorama-hospitex"",""https://www.manoramahospitex.org/"",""https://www.manoramahospitex.org/doctor-details/dr-krishanu-banik"",""https://www.manoramahospitex.org/doctor-details/dr-pradipta-guha"",""http://www.manoramahospitex.org/"",""https://www.manoramahospitex.org/about/from-the-desk-of-medical-super"",""https://www.manoramahospitex.org/contact"",""https://www.zoominfo.com/c/manorama-hospitex-pvt-ltd/397568994"",""https://www.indiamart.com/manorama-hospitex-pvt-ltd/aboutus.html"",""https://www.justdial.com/Chakdah/24-Hours-Dentists/nct-10000372"",""https://www.facebook.com/549081398608476"",""https://tracxn.com/d/legal-entities/india/manorama-hospitex-private-limited/__phsyVlJwm-44vLQMw8BbuabPf2B6Xkubt2X9AWDsgRE"",""https://www.justdial.com/Bongaon/Private-Hospitals/nct-10390288"",""https://www.manoramahospitex.org/diagnostic-centre-in-nadia"",""https://shg.wbscl.in/home/hospital_list/SS8xTEFYQS9ET3kvSmVMbVBYNU5JVHZuM1BUSnFNQkduNU9sL1F1Q1F5SlYweTJNanNmOWdDZ0ovRVJDOTZleUo0dmFjakRkdjAvRmVpQ3M3MC82eVE9PQ==/5"",""https://shg.wbscl.in/home/hospital_list"",""https://wbxpress.com/list-of-class-i-hospitals-under-west-bengal-health-scheme/"",""https://shg.wbscl.in/home/hospital_list/UWNjSTMzTEw5UUVEMGIzQXVwUC9DdVlPeE5TVE9FellQMVhWWVNBbjkyTTNWNjZTZ3RvZmUzbTk1SVBzSGRMVmxOMXdaeXpYbDdrVjh6TVVTc1dvUlE9PQ==/3"",null]",,,,true
3753,invalid_unique_id|invalid_organization_type,False,**Services:**,,,,,,,
3754,invalid_unique_id|invalid_organization_type,False,  * **Micro Incision Cataract Surgery(MICS)**,,,,,,,
3755,invalid_unique_id|invalid_organization_type,False,  * **Phacoemulsification & Advanced Cataract Surgery **,,,,,,,
3756,invalid_unique_id|invalid_organization_type,False,  * **Surgical Vitreo-retinal**,,,,,,,
3757,invalid_unique_id|invalid_organization_type,False,  * **Corneal Transplant**,,,,,,,
3758,invalid_unique_id|invalid_organization_type,False,  * **Implantable Contact Lens(ICL) and Refractive Surgeries**,,,,,,,
3759,invalid_unique_id|invalid_organization_type,False,  * **Glaucoma Clinic**,,,,,,,
3760,invalid_unique_id|invalid_organization_type,False,  * **Pediatric Cataract Surgery**,,,,,,,
3761,invalid_unique_id|invalid_organization_type,False,  * **Ophthalmology**,,,,,,,
3762,invalid_unique_id|invalid_organization_type,False,  * **Low Vision Aid**,,,,,,,
3763,invalid_unique_id|invalid_organization_type,False,  * **Contact Lens & Optical Services**,,,,,,,
3764,invalid_unique_id|invalid_organization_type,False,  * **Oculoplasty**,,,,,,,
3765,invalid_unique_id|invalid_organization_type,False,Established Year,,,,,,,
3766,invalid_unique_id|invalid_organization_type,False,1987,,,,,,,
3767,invalid_unique_id|invalid_organization_type,False,""",null,null,null,""[""""ophthalmology""""","""""cataractAndAnteriorSegmentSurgery""""","""""glaucomaOphthalmology""""","""""cataractAndAnteriorSegmentSurgery""""","""""retinaAndVitreoretinalOphthalmology""""","[""Ophthalmic operating microscope"",""Phacoemulsification machine"",""General ophthalmic diagnostic equipment"",""Operating theatre with anesthesia machine and adjustable operating table"",""Overhead surgical lights"",""Patient monitoring equipment visible in operating room"",""TORIC intraocular lenses"",""Hydrophobic intraocular lenses""]","[""Multispecialty ophthalmology and ENT hospital"",""Inpatient and outpatient services"",""Short-term fellowships in Cataract and Cornea"",""Observership programs in Cataract and Cornea"",""Established in 1987"",""IT-enabled eye care"",""As of June 23, 2020, Jayapriya Hospital, Hubballi is listed as one of 22 private hospitals designated to treat Covid-19 patients in Karnataka."",""Has 38 years in healthcare"",""Established in 1987 by Dr. Shrikrishna G Nadgouda"",""Cataract care services"",""Offers ESI facility"",""Eye hospital specializing in ophthalmology"",""Cataract care program employing Micro-Incision Cataract Surgery (MICS)"",""Uses toric intraocular lenses (IOLs) for astigmatism correction"",""Located in Hubli, Karnataka, India""]","""""femalePelvicMedicineAndReconstructiveSurgery"""""
3857,invalid_unique_id|invalid_organization_type,False,We specialize in 652+ surgeries,,100,08f3da5d5e468b2a03d47c01e6c4c057,"[""https://www.justdial.com/Hissar/Gynaecologist-Obstetrician-Doctors-in-Hissar-Sector-14/nct-10551087/page-4"",""https://www.medicineindia.org/hospitals-in-state/haryana"",""https://www.drlogy.com/ayushman-bharat/hospitals/haryana/hisar/lifeline-institute-of-medical-sciences"",""https://www.policyx.com/health-insurance/network-hospitals/star-health-hisar-haryana/"",""https://www.justdial.com/Fatehabad-Haryana/Laparoscopy-Hospitals-in-Alika/nct-11380927"",""https://www.gconnect.in/defence-services/echs/echs.html"",""https://indialei.in/detailed-information/42801955/894500FHDVEYVCZX5940/lifeline-institute-of-medical-sciences/"",""https://www.facebook.com/179780832060636"",""https://www.facebook.com/100268282042981"",null]",,,true
4095,duplicate_unique_id,True,d643f869-169b-4597-bb15-1335ebaba9d7,Chanddni Hospital,facility,hospital,private,,,2001
4096,duplicate_unique_id,False,d643f869-169b-4597-bb15-1335ebaba9d7,Chanddni Hospital,facility,hospital,private,,,2001
4258,invalid_unique_id|invalid_organization_type,False,Our hospital is uniquely equipped to handle the distinct medical needs of women at all stages of life," we offer compassion and excellent care.""",,23.013490676879883,72.52645111083984,,,
4277,duplicate_unique_id,True,fe23dd4d-7cca-47b3-aad4-293b62e32cb2,Shraddha Heart Hospital,facility,hospital,private,,16,1991
4278,duplicate_unique_id,False,fe23dd4d-7cca-47b3-aad4-293b62e32cb2,Shraddha Heart Hospital,facility,hospital,private,,16,1991
4495,invalid_unique_id|invalid_organization_type,False,Our clinic provides comprehensive solutions for acne, fungal infections, and hair loss,,,,kie," and anti-aging treatments. Each treatment plan is carefully customized to meet the unique needs of every patient."""
4525,duplicate_unique_id,True,277e82f0-241a-458a-b9fc-e32d2b3dfcba,Sabine Hospital and Research Centre,facility,hospital,private,,,2010
4526,duplicate_unique_id,False,277e82f0-241a-458a-b9fc-e32d2b3dfcba,Sabine Hospital and Research Centre,facility,hospital,private,,,2010
5099,invalid_unique_id|invalid_organization_type,False,We specialize in 883+ surgeries,4,50,08f3d32534cd998d03b0bda3b1839e82,"[""https://www.justdial.com/Pathankot/24-Hours-Gynaecologist-Doctors/nct-11097568"",""https://www.scribd.com/document/820578841/All-Hospital-Final-List-Sheet2-1"",""https://www.drlogy.com/ayushman-bharat/hospitals/punjab/amritsar/gupta-multispeciality-hospital-amritsar"",""https://www.tribuneindia.com/news/amritsar/another-hospital-in-the-dock-300562/"",""https://watchdoq.com/blog/hospitals/amritsar/gupta-multispeciality-hospital"",""https://www.facebook.com/386844161831620"",""https://www.practo.com/amritsar/hospital/gupta-multispeciality-hospital-sant-avenue"",""https://amritsar.nic.in/public-utility/gupta-multispeciality-hospital/"",""https://www.eka.care/doctor/dr-r-k-gupta-general-medicine-amritsar"",null]",,,true
5497,invalid_unique_id|invalid_organization_type,False,Their staff at Green Dental Clinic provides complete dental care with the highest standard of treatment,,"[""dentistry"",""dentistry"",""familyMedicine"",""dentistry"",""endodontics"",""familyMedicine"",""dentistry"",""familyMedicine"",""dentistry"",""endodontics"",""paediatricDentistry"",""oralSurgery"",""orthodontics"",""dentalImplant"",""laserDentistry"",""cosmeticDentistry"",""dentistry"",""familyMedicine"",""generalDentistry"",""dentistry"",""endodontics"",""pediatricDentistry"",""orthodontics"",""oralAndMaxillofacialSurgery"",""cosmeticDentistry"",""laserDentistry"",""conservativeDentistry"",""familyMedicine"",""dentistry""]","[""https://mediniz.com/public/feeds/Top-10-Best-Dental-Clinics-in-Patna"",""https://www.indiamart.com/green-dental-care-patna/"",""https://www.justdial.com/Patna/Green-Dental-Care-Opp-Saket-Galaxy-Boring-Road/0612PX612-X612-170425174643-M9T2_BZDET"",""https://www.justvisitonline.com/listing/Patna/dental-clinic-in-boring-road"",""https://www.mappls.com/place-green+dental+care+best+dentists-b-150-near+saket+galaxy-sri+ram+path-west+boring+canal+road-patna-bihar-800013-OXR1MX@zdata=MjUuNjIwNTM5Kzg1LjEyMTY2OSsxNytPWFIxTVgrKw==ed"",""http://www.greendentalcare.in/"",""https://www.facebook.com/613645765451688"",""https://happysmiledentalcare.in/12-popular-cosmetic-dental-procedures-available-in-patna-your-complete-guide-to-a-perfect-smile/"",""https://www.eka.care/clinic/green-dental-care-328-77925758"",null]",,,,true
5647,duplicate_unique_id,True,c11d175a-ae2b-4b31-90b5-fe73b3a040cb,Vanni Hospital,facility,hospital,public,,,2004
5648,duplicate_unique_id,False,c11d175a-ae2b-4b31-90b5-fe73b3a040cb,Vanni Hospital,facility,hospital,public,,,2004
6027,invalid_unique_id|invalid_organization_type,False,  * __Biochemistry,,,,,,,
6028,invalid_unique_id|invalid_organization_type,False,  *  __Microbiology,,,,,,,
6029,invalid_unique_id|invalid_organization_type,False,  *  __Histopathology,,,,,,,
6030,invalid_unique_id|invalid_organization_type,False,  *  __Hematology,,,,,,,
6031,invalid_unique_id|invalid_organization_type,False,  *  __Immunlogy,,,,,,,
6032,invalid_unique_id|invalid_organization_type,False,  *  __Serology,,,,,,,
6033,invalid_unique_id|invalid_organization_type,False,  *  __Clinical Pathology,,,,,,,
6034,invalid_unique_id|invalid_organization_type,False,  *  __Molecular Biology,,,,,,,
6035,invalid_unique_id|invalid_organization_type,False,  *  __Genomics,,,,,,,
6036,invalid_unique_id|invalid_organization_type,False,"  *  __Oncology""","[""radiology"",""cardiology"",""gastroenterology"",""infectiousDiseases"",""neonatologyPerinatalMedicine"",""clinicalPathology"",""histopathology"",""hematology"",""microbiology"",""immunology"",""serology"",""molecularBiology"",""genomics"",""medicalOncology"",""pathology"",""radiology"",""pathology"",""gynecologyAndObstetrics"",""clinicalPathology"",""radiology"",""radiology"",""familyMedicine"",""radiology"",""pathology"",""infectiousDiseases"",""cardiology"",""pathology"",""diagnosticRadiology""]","[""Provides magnetic resonance imaging (MRI) services"",""Provides computed tomography (CT) scan services"",""Provides X-ray imaging services"",""Provides mammography services"",""Provides ultrasound imaging services"",""Provides cone-beam computed tomography (CBCT) imaging"",""Performs electrocardiography (ECG)"",""Performs echocardiography (Echo)"",""Performs treadmill test (TMT)"",""Provides orthopantomogram (OPG) imaging"",""Provides bone densitometry (BMD) scanning"",""Offers blood tests"",""Provides imaging services"",""Offers health packages"",""Digital X-Ray Service"",""Industrial Radiography X Ray Testing Service"",""MRI scan"",""CT scan"",""X-ray imaging"",""CBCT imaging"",""Mammography"",""Ultrasound imaging"",""Bone Mineral Density testing"",""OPG imaging"",""ECG"",""Echocardiography (Echo)"",""TMT"",""""]",,,,,
6627,invalid_unique_id|invalid_organization_type,False,We offer a complete product range of diagnostic centre,,,85.7743911743164,08f3c8e4161710a00303e18d2ca8093f,,,4
7356,invalid_unique_id|invalid_organization_type,False,Our Services,,,,,,,
7357,invalid_unique_id|invalid_organization_type,False,LAB provides services in Hematology and Clinical Pathology,,,,,,,
7358,invalid_unique_id|invalid_organization_type,False,Performance Guaranteed,,,,,,,
7359,invalid_unique_id|invalid_organization_type,False,Our laboratory facilities are modern and comply with health and safety standards. We are always dedicated to providing you with unparalleled service. So whether you are a healthcare provider or a patient,,,,,,,
7360,invalid_unique_id|invalid_organization_type,False,"Discount for Senior Citizens 10% off.""","[""pathology"",""hematology"",""clinicalPathology"",""emergencyMedicine"",""internalMedicine"",""pathology"",""pathology"",""pathology"",""pathology"",""familyMedicine""]","[""Performs blood testing"",""Provides home visits for sample collection for testing"",""Executive Full Body Health Checkup package includes Complete Urine Analysis, Toxic Elements, Wellness, Complete Hemogram, Iron Deficiency, Diabetes, Renal, Lipid, Liver, Electrolytes, Thyroid, and Vitamin testing"",""Extensive Checkup with All 14 Vitamins includes Cancer Markers, Cardiac Risk Markers, Complete Hemogram, Urinogram, Diabetes, Electrolytes, Metabolic, Iron Deficiency, Lipid, Liver, Elements, Renal, Thyroid, Toxic Elements, Pancreatic, Vitamins"",""Aarogyam Basic includes Lipid, Thyroid, Diabetic, Iron Deficiency, CBC Hemogram, Kidney, Vitamin, Liver"",""Aarogyam Advanced includes Lipid, Thyroid, Diabetic, Iron Deficiency, Liver, CBC Hemogram, Kidney, Vitamin, Cardiac Risk Markers, Elements"",""Aarogyam Male includes Cardiac Risk Markers, CBC Hemogram, Diabetics, Iron, Lipid Profile, Liver, Toxic Elements, Kidney, Thyroid Profile, Vitamin, Testosterone, Prostate Specific Antigen - PSA"",""Aarogyam Female includes Cardiac Risk Markers, CBC Hemogram, Diabetics, Iron, Lipid Profile, Liver, Toxic Elements, LH, Kidney, Thyroid Profile, Vitamin, Pancreatic, Electrolytes, Testosterone, Prolactin - PRL, FSH"",""Senior Citizen Profile Male includes Cancer Markers, Cardiac Risk Markers, Complete Hemogram, Complete Urine Analysis, Diabetes, Electrolytes, Iron Deficiency, Lipid, Liver, Pancreatic, Renal, Thyroid, Toxic Elements, Vitamin"",""Senior Citizen Profile Female includes Cancer Markers, Cardiac Risk Markers, Complete Hemogram, Complete Urine Analysis, Diabetes, Electrolytes, Iron Deficiency, Lipid, Liver, Pancreatic, Renal, Thyroid, Toxic Elements, LH,Vitamins, LH?"",""Aarogyam Comprehensive includes Lipid, Thyroid, Diabetic, Urinogram, Liver, CBC Hemogram, Kidney"",""Complete Health Check with Vitamins includes Cancer Markers, Cardiac Risk Markers, CBC, Complete Urine Analysis, Diabetes, Electrolytes, Iron Deficiency, Lipid, Liver, Renal, Thyroid, Toxic Elements, Vitamins"",""Aarogyam X 1+1 Offer includes Arthritis, Cardiac Risk Markers, CBC / Hemogram, Diabetics, Iron, Lipid, Liver, Urinogram, Misc, Kidney, Thyroid, Vitamin, Pancreatic, Electrolytes, Hormone, Toxic Elements, Metabolic"",""Aarogyam XL 1+1 Offer includes Arthritis, Cardiac Risk Markers, CBC / Hemogram, Diabetics, Iron, Lipid, Liver, Urinogram, Misc, Kidney, Thyroid, Vitamin, Pancreatic, Electrolytes, Hormone, Toxic Elements, Metabolic, Steroid""]",,,,,2
7512,invalid_unique_id|invalid_organization_type,False,"Latest posts by Neoretina (see all)""","[""internalMedicine"",""ophthalmology"",""retinaAndVitreoretinalOphthalmology"",""internalMedicine"",""familyMedicine"",""internalMedicine"",""internalMedicine"",""retinaAndVitreoretinalOphthalmology"",""ophthalmology"",""internalMedicine"",""retinaAndVitreoretinalOphthalmology"",""internalMedicine""]","[""Performs retinal surgeries"",""Offers advanced, sutureless vitreoretinal surgeries for retinal detachment, vitreous haemorrhage, macular holes and epiretinal membranes"",""Screening and LASER treatment for Retinopathy of Prematurity (ROP)"",""Exclusive Uvea Clinic offering treatment of complex inflammatory eye diseases including anti-TB treatment for ocular tuberculosis and immunosuppressive therapy for noninfectious uveitis and scleritis"",""Medical and surgical management of ocular trauma including endophthalmitis, lens/IOL dislocation and secondary IOL implantation, central retinal artery occlusion"",""Cataract surgery by clear corneal phacoemulsification including Micro Incision Cataract Surgery (MICS) and intraocular lens implantation (foldable, UV protective, multifocal, toric)"",""Glaucoma management including medical (drugs and LASER) and surgical approaches such as trabeculectomy and glaucoma valve implants"",""Offers laser eye treatments""]",,,,,
7917,invalid_unique_id|invalid_organization_type,False,"complete Ayurvedic treatment.....join us ......to make nature as your buddy....""","[""familyMedicine"",""physicalMedicineAndRehabilitation"",""familyMedicine"",""familyMedicine"",""familyMedicine"",""familyMedicine"",""endocrinologyAndDiabetesAndMetabolism"",""familyMedicine"",""familyMedicine""]","[""Udwartanam (Powder Massage) is performed."",""Choorna Pinda Swedam (medicated powder sudation) is performed."",""Dhanyamladhara (medicated liquid sudation) is performed."",""Jambeera Pinda Swedam (medicated poultice sudation) is performed."",""Pathra Potala Swedam (herbal leaf and medicated oil sudation) is performed."",""Pizhichil (oil bath therapy) is performed."",""Shashtika Pinda Swedam (specialized sudation therapy) is performed."",""Siro Lepa (head medicinal paste application) is performed."",""Sirodhara (medicated oil stream therapy) is performed."",""Siroipichu (nasal whey/medicated oil therapy) is performed."",""Sirovasthi (oil retention on head) is performed."",""Takradhara (buttermilk/oil flow therapy) is performed."",""Nasyam (nasal therapy) is performed."",""Nirooha Vasthi (medicated enema therapy) is performed."",""Anuvasana Vasthi (oil enema therapy) is performed."",""Abhyangam (full body massage) is performed."",""Anna Lepam (herbal paste application) is performed."",""Avagaham (medicated ear/nose therapy) is performed."",""Virechanam (therapeutic purgation) is performed."",""Vamanam (therapeutic vomiting/purgation) is performed."",""Provides Panchakarma therapy"",""Nasyam Ayurvedic Therapy is offered""]",,,,,
8158,invalid_unique_id|invalid_organization_type,False,We specialize in 59+ surgeries,,,,,,,
8159,invalid_unique_id|invalid_organization_type,False,At Patel Hospital,,,,,,,
8160,invalid_unique_id|invalid_organization_type,False,"... More""","[""internalMedicine"",""internalMedicine"",""internalMedicine"",""cardiacSurgery"",""vascularSurgery"",""internalMedicine"",""cardiacSurgery"",""internalMedicine"",""internalMedicine"",""internalMedicine"",""internalMedicine""]","[""Aortic Aneurysm Repair"",""Aortic Aneurysm Surgery"",""Aortic Arch Replacement / Thoracoabdominal aneurysm Repair using bypass"",""Aortic Root Replacement Surgery"",""Aortic Root Surgery"",""Aorto Iliac / Aorto femoral bypass (Uni and Bi)"",""Blood Clot Removal Surgery"",""Chest and Abdominal Surgery"",""Chest Surgery"",""Closed Mitral Valvotomy including thoracotomy"",""Complex Aortic Aneurysm Surgery"",""Complex Congenital Heart Defect Surgery"",""Coronary artery bypass grafting (CABG), including intra operative balloon pump"",""Diaphragm Repair Surgery"",""Diaphragmatic Repair"",""Chest Drainage Management"",""Foreign Body Removal with Scope"",""Heart Support Treatment"",""Isolated Intercostal Drainage and Management of ICD, Intercostal Block, Antibiotics & Physiotherapy"",""Low Cardiac Output syndrome requiring IABP insertion post-operatively"",""Excessive bleeding requiring re-exploration"",""Post-surgery Bleeding Treatment"",""Chest Mass Treatment"",""Space - Occupying Lesion (SOL) mediastinum""]",,,,,5
8177,invalid_unique_id|invalid_organization_type,False,A modern body,,,,,,,
8178,invalid_unique_id|invalid_organization_type,False,In antiquity remains the roots of a science,,,08f6189259aa5742032b548fbd63f818,"[""https://sbayurvedahospital.com/about-doctor.php"",""https://www.sbayurvedahospital.com/"",""https://www.facebook.com/177956205400408"",""https://www.facebook.com/sbayurvedahospital/"",null]",,,true
8848,invalid_unique_id|invalid_organization_type,False,In order to record the electrical signals in your heart,,,,,,,
8849,invalid_unique_id|invalid_organization_type,False,Our facility has a Trade Mill Test (TMT) which is a stress test. This test illustrates how your heart functions when you exercise. It helps identify clogged arteries and direct heart patients' treatment regimens.,,,,,,,
8850,invalid_unique_id|invalid_organization_type,False,The Pulmonary Function Test (PFT) is another crucial service we provide. PFT is essential for patients with heart conditions that impact breathing,,,,,,,
8851,invalid_unique_id|invalid_organization_type,False,We are also experts in Stress ECHO,,,,,,,
8852,invalid_unique_id|invalid_organization_type,False,"At Dr. Manjari Ultrasound your heart's health is our first concern. We make sure you receive the care you need in a secure and encouraging setting by using skilled professionals and cutting-edge equipment.""","[""cardiology"",""gynecologyAndObstetrics"",""radiology"",""pathology"",""familyMedicine"",""cardiology"",""pathology"",""cardiology"",""radiology"",""familyMedicine""]","[""Performs echocardiography (ECHO)"",""Performs electrocardiography (ECG)"",""Performs Stress ECHO testing"",""Performs Trade Mill Test (TMT)"",""Performs Pulmonary Function Test (PFT)"",""Performs ultrasound examinations"",""Performs echocardiography""]",,,,,
9131,invalid_unique_id|invalid_organization_type,False,We specialize in 395+ surgeries,,,08f60b0952d93041035b12518be4088c,"[""https://www.justdial.com/Warangal/Guardian-Multispeciality-Hospital-Opposite-L-B-College-Rangampet/9999PX870-X870-100429171709-B7L1DC_BZDET"",""http://www.onefivenine.com/india/Listing/Town/hospitals/Warangal/Hanamkonda"",""https://www.drlogy.com/ayushman-bharat/hospitals/telangana/warangal-urban/guardian-multi-specialty-hospital"",""https://www.justdial.com/Warangal/Guardain-Multi-Speciality-Hospital-Opp-LB-College-Mulugu-Road/9999PX870-X870-180213133512-A3A9_BZDET"",null]",,,true
9386,invalid_unique_id|invalid_organization_type,False,Equipped with the latest advancements in dental technology and adhering to strict international sterilization protocols, to specialized procedures such as root canal therapy, dental implants,6,true,,109, confident
9535,invalid_unique_id|invalid_organization_type,False,Our goal is to provide a range of professional services at the highest level available in Ghaziabad,,"[""orthodontics"",""dentistry"",""cosmeticDentistry"",""pediatricDentistry"",""prosthodontics"",""endodontics"",""familyDentistry"",""familyMedicine"",""orthodontics"",""pediatricDentistry"",""cosmeticDentistry"",""endodontics"",""prosthodontics"",""dentistry"",""familyMedicine"",""orthodontics"",""dentistry"",""endodontics"",""familyMedicine"",""familyMedicine"",""dentistry"",""orthodontics""]","[""https://www.drvaibhavjoshi.com/"",""https://www.drvaibhavjoshi.com/our-team.html"",""http://www.drvaibhavjoshi.com/"",""https://www.facebook.com/378237392213592"",""https://www.proptiger.com/ghaziabad/raj-bagh-51282/hospitals"",null]",,,,true
9667,invalid_unique_id|invalid_organization_type,False,We make every effort to ensure that your visit is comfortable and pain free. We assist you in making an informed decision by explaining all your treatment options every step of the way. We treat you with utmost care,,"[""dentistry"",""endodontics"",""pediatricDentistry"",""dentistry"",""endodontics"",""oralAndMaxillofacialSurgery"",""dentistry"",""familyMedicine"",""dentistry"",""familyMedicine"",""dentistry"",""dentistry""]","[""https://www.drbasdentalcare.com/"",""https://www.justdial.com/Nagercoil/Dr-bas-Dental-Care-Meenakshipuram/9999P4652-4652-240814200308-Y4F4_BZDET"",""https://www.tabletbox.com/hospital/dr.basdentalcare/468"",""https://www.justdial.com/Nagercoil/Dr-bas-Dental-Care-Meenakshipuram/9999P4652-4652-240814200308-Y4F4_BZDET/reviews"",""https://www.facebook.com/61562214740500"",""https://fayumi.in/viewdoctor/71889"",""https://drbasdentalcare.in/contact/"",null]",,,,true
9818,invalid_unique_id|invalid_organization_type,False,We treat people of all ages with the same level of care,,,,,,,
9819,invalid_unique_id|invalid_organization_type,False,We are known for the care we take towards our patients and effective treatments. Choose us to ensure the best treatment possible for you and your loved ones. Ample parking is always available for the comfort of our patients.,,,,,,,
9820,invalid_unique_id|invalid_organization_type,False,NOTE: Our only location is in KPHB Colony,,"[""familyMedicine"",""dentistry"",""orthodontics"",""endodontics"",""periodontics"",""prosthodontics"",""cosmeticDentistry"",""pediatricDentistry"",""dentalAnesthesia"",""familyMedicine"",""dentistry"",""endodontics"",""orthodontics"",""periodontics"",""prosthodontics"",""cosmeticDentistry"",""smileDesigning"",""familyMedicine"",""familyMedicine""]","[""https://www.1mg.com/doctors/dr-sravanthi-dental-surgery-in-hyderabad/DR-3o38q"",""https://eswardentalclinickphb.com/about-us/"",""https://eswardentalclinickphb.com/"",""https://www.facebook.com/440327963098033"",null]",,,,true
9865,invalid_unique_id|invalid_organization_type,False,At Aansh IVF Hospital,,,,,,,
9866,invalid_unique_id|invalid_organization_type,False,Our Nationally recognized infertility specialists work with tailored fertility solutions to increase the chances of pregnancy. Our comprehensive,,,,,,,
9867,invalid_unique_id|invalid_organization_type,False,AANSH IVF Hospital is one of the Best IVF Hospitals in Koramangala, ICSI, PCOD,,kie,08f60a89510abb5203acec297f200672,"[""https://www.vinsfertility.com/c/karnataka/koramangala-bengaluru/clinic/aansh-ivf-hospital"",""https://aanshivfhospital.com/home/"",""https://www.aanshivfhospital.com/"",""https://aanshivfhospital.com/home/"",""https://www.aanshivfhospital.com/"",""https://www.facebook.com/189190037606664"",""https://www.aanshivfhospital.com/contact/"",""https://www.facebook.com/aanshivfhospitalhubli/"",""https://www.aanshivfhospital.com/contact/"",""https://www.aanshivfhospital.com/best-ivf-hospital-in-koramangala-bangalore/"",""https://www.practo.com/bangalore/clinic/aansh-ivf-hospital-domlur"",""https://www.promanage.biz/aansh-ivf-hospital-ivf-hospital-in-koramangala-ivf-centre-in-koramangala-fertility-clinic-in-koramangala/fertility-clinic-in-srinivagilu-chandra-reddy-layout-s-t-bed-layout-koramangala-bengaluru-11864991-profile"",""https://aurawomen.in/hospital/aansh-ivf-fertility-centre-hospital-kormangala-banglore/"",null]","[""Surrogacy with Self Eggs"",""Surrogacy with Donor Eggs"",""Guaranteed Surrogacy Program"",""Altruistic Surrogacy Consultation"",""Surrogate Mother Matching & Screening"",""Legal Documentation & NOC Processing"",""IVF with ICSI for Surrogacy"",""Embryo Freezing & FET for Surrogacy"",""Donor Embryo Surrogacy"",""Repeat IVF Failure Case Handling via Surrogacy"",""IUI"",""IVF"",""ICSI"",""Blastocyst Culture"",""LAH (Laser Assisted Hatching)"",""Cryopreservation"",""Hysteroscopy"",""Laparoscopy"",""Endometrial Receptivity Analysis (ERA)"",""Sperm Test & Evaluation"",""Infertility Evaluation"",""Fertility Workup"",""Ovulation Induction and IUI"",""In Vitro Fertilisation (IVF) and ICSI"",""Blastocyst culture and Laser Assisted Hatching (LAH)"",""TESA / Testicular Biopsy"",""Egg Donation"",""Sperm Donation"",""Embryo Donation"",""Cryopreservation"",""Endometrial Receptivity Array (ERA)"",""SSG"",""Platelet Rich Plasma (PRP)"",""Treatment for Sexual Problems"",""Gynecologic Onco Screening"",""Hysteroscopy"",""Laparoscopy"",""Surrogacy"",""Antenatal Check"",""Adolescent care"",""Menopause and well-being"",""Fertility preservation and ovarian rejuvenation"",""Polycystic ovary syndrome (PCOS) management"",""Endometriosis and Adenomyosis management"",""Weight Loss and lifestyle modification"",""Fertility Workup"",""Ovulation Induction & IUI"",""Intrauterine Insemination (IUI)"",""In Vitro Fertilisation (IVF) / ICSI"",""Blastocyst Culture""]"
